<?xml version="1.0" encoding="UTF-8"?>
<project-private xmlns="http://www.netbeans.org/ns/project-private/1">
    <editor-bookmarks xmlns="http://www.netbeans.org/ns/editor-bookmarks/2" lastBookmarkId="0"/>
    <open-files xmlns="http://www.netbeans.org/ns/projectui-open-files/2">
        <group>
            <file>file:/E:/Academic%20Work/Third%20Semester/Pemrograman%20Obyek/PBO%20Praktikum/TUBES/Tubes/src/View/AksesAdmin.java</file>
            <file>file:/E:/Academic%20Work/Third%20Semester/Pemrograman%20Obyek/PBO%20Praktikum/TUBES/Tubes/src/MODEL/Customer.java</file>
            <file>file:/E:/Academic%20Work/Third%20Semester/Pemrograman%20Obyek/PBO%20Praktikum/TUBES/Tubes/src/MODEL/Laundry.java</file>
            <file>file:/E:/Academic%20Work/Third%20Semester/Pemrograman%20Obyek/PBO%20Praktikum/TUBES/Tubes/src/CONTROLLER/ControllerCustomer.java</file>
            <file>file:/E:/Academic%20Work/Third%20Semester/Pemrograman%20Obyek/PBO%20Praktikum/TUBES/Tubes/src/View/Admin_Customer.java</file>
            <file>file:/E:/Academic%20Work/Third%20Semester/Pemrograman%20Obyek/PBO%20Praktikum/TUBES/Tubes/src/View/Pakaian.java</file>
            <file>file:/E:/Academic%20Work/Third%20Semester/Pemrograman%20Obyek/PBO%20Praktikum/TUBES/Tubes/src/View/Admin_Pegawai.java</file>
            <file>file:/E:/Academic%20Work/Third%20Semester/Pemrograman%20Obyek/PBO%20Praktikum/TUBES/Tubes/src/MODEL/Main.java</file>
            <file>file:/E:/Academic%20Work/Third%20Semester/Pemrograman%20Obyek/PBO%20Praktikum/TUBES/Tubes/src/MODEL/Pegawai.java</file>
            <file>file:/E:/Academic%20Work/Third%20Semester/Pemrograman%20Obyek/PBO%20Praktikum/TUBES/Tubes/src/View/Admin_Transaksi.java</file>
            <file>file:/E:/Academic%20Work/Third%20Semester/Pemrograman%20Obyek/PBO%20Praktikum/TUBES/Tubes/src/View/Admin.java</file>
            <file>file:/E:/Academic%20Work/Third%20Semester/Pemrograman%20Obyek/PBO%20Praktikum/TUBES/Tubes/src/CONTROLLER/ControllerRegis_Customer.java</file>
            <file>file:/E:/Academic%20Work/Third%20Semester/Pemrograman%20Obyek/PBO%20Praktikum/TUBES/Tubes/src/View/HomePegawai.java</file>
        </group>
    </open-files>
</project-private>
